ID,name,createdAt,createdBy,modifiedAt,modifiedBy
2733261,name-2733261,2011-06-15T00:00:00.000Z,createdBy.1mkzx@example.org,2005-04-18T00:00:00.000Z,modifiedBy.1mkzx@example.org
2972598,name-2972598,2012-08-16T00:00:00.000Z,createdBy.1rpo6@example.com,2020-07-08T00:00:00.000Z,modifiedBy.1rpo6@example.org
2972599,name-2972599,2019-02-16T00:00:00.000Z,createdBy.1rpo7@example.net,2018-11-19T00:00:00.000Z,modifiedBy.1rpo7@example.net
2972600,name-2972600,2010-11-07T00:00:00.000Z,createdBy.1rpo8@example.org,2004-11-10T00:00:00.000Z,modifiedBy.1rpo8@example.net
2972601,name-2972601,2020-05-28T00:00:00.000Z,createdBy.1rpo9@example.org,2020-10-22T00:00:00.000Z,modifiedBy.1rpo9@example.org
2972602,name-2972602,2011-04-15T00:00:00.000Z,createdBy.1rpoa@example.net,2020-12-28T00:00:00.000Z,modifiedBy.1rpoa@example.net
2972603,name-2972603,2008-12-26T00:00:00.000Z,createdBy.1rpob@example.net,2005-09-15T00:00:00.000Z,modifiedBy.1rpob@example.org
2972604,name-2972604,2023-02-27T00:00:00.000Z,createdBy.1rpoc@example.com,2020-07-13T00:00:00.000Z,modifiedBy.1rpoc@example.com
2972605,name-2972605,2020-07-15T00:00:00.000Z,createdBy.1rpod@example.com,2011-08-25T00:00:00.000Z,modifiedBy.1rpod@example.net
2972606,name-2972606,2005-04-15T00:00:00.000Z,createdBy.1rpoe@example.com,2000-04-07T00:00:00.000Z,modifiedBy.1rpoe@example.org